content,user,user_id
"
                    好样的，骑士！#北京# 北京那些事儿 #摩托# #北京好人# L狂奔德意志的微博视频 67                ",狂奔德意志,1435668675
"
@北京公交那些事儿@北京公交集团 #北京好人##好人好事# 今天一个人出去，手机没电关机啦， 又由于各种原因错过 519，绝望中上了560的末班车，希望找个靠近老牛湾的地点下车。公交师傅见我没法回家，主动提出捎我一程。将最后一趟车行驶到生命科学园西终点站，再将车停到停车场。师傅下车上了个厕所快速 67  展开全文c ",影千默,5725483913
"
#北京好人##好人# 我见过有人横穿马路，也见过有司机在斑马线上不减速，但最让人感动的是，我愿意帮你，而你也心怀感激#北京# 2北京 67                ",元明纵横两个帝国,3085266297
"
#北京好人##一线微观#【暖心！北京交通协管解释为何尽力拦人：行人要出了事故，家人会着急】韩建民是北京前门东大街的一位志愿交通协管员。他说，规劝想要闯红灯的行人是为了“成全他们的家庭”，“他要出了事故，他家人不着急吗”。他表示，大部分市民都很支持他的工作，工作时遇到过不少让人暖心的好 67  展开全文c ",视觉延庆,1118418452
"
                    上班路上，远处看到一个大巴车停路边，车尾呼呼冒黑烟00忽见一个美团外卖小哥，停下车，急忙跑过去拍大巴的门，告诉司机后面冒烟，很着急的说“你的车在冒烟，是不是着火了，快去看看啊！”司机连忙说“知道的，没事，谢谢谢谢…”为这位“超人”小哥点赞#外卖# 67  展开全文c ",Jean苏苏,5120394036
"
#北京好人#【2018年“北京社会好人榜”揭晓】日前，2018年“北京社会好人榜”揭晓。市委社会工委、千龙网携手召开评选发布会，对12名年榜人物、102名上榜个人、102个上榜群体进行表彰。这些榜样人物和群体带头弘扬社会主义核心价值观，带头展示首都良好形象，用自己的一技之长服务于国际一流和谐宜居之 67  展开全文c ",文明北京,2189978113
"
                    这么神奇的事情发生在我们的身边，#中国好人# 非常感谢这位捡到U盘的小姐姐，写真让我们更加知道世上好人还是非常多的#北京好人# 2北京・国瑞城东区 67                ",凤栖梧复古摄影,2485314467
"
人民日报 北京的冬天虽冷，但人心温暖昨天晚上23:09左右，在北京地铁10号线上，在三元桥站，发生了令我难以忘怀的事。在乘坐地铁去首都国际机场的路上，因为自己太过认真的看一篇文章，而没有第一时间下地铁，导致我身后的背包被地铁门卡住，这时的我还没有意识到事情的可怕 67  展开全文c ",诗远啊・,5019382686
"
                    这是一封严肃认真的感谢信，谢谢北京味酌四海酒店的拾金不昧，在我家困难焦急的时刻给了我们极大的温暖！非常非常非常非常非常感谢！无以言表！不知好心人能否看到，但这个社会的正义和温暖值得被颂扬！！#北京好人##北京# 67                ",兜兜dou一胖,2972233787
"
#北京好人##北京身边事#【北京人艺演员金汉：先做人后演戏 做好人演好戏】2014年4月，北京人民艺术剧院演员金汉在两名女性遭遇抢劫的危难关头，勇敢地冲上去与歹徒搏斗，用实际行动诠释了“先做人后演戏，做好人演好戏”的精神。舞台上，金汉是骁勇善战的侍卫，舞台下，他是见义勇为的北京榜样↓↓  67  展开全文c ",BTV北京新闻,1308405950
"
#北京好人# 10号下午两点在北京地铁10号线，一位安全员在车厢里捡到一个装有20万现金的背包，后经多方联系找到失主。这安全员名叫张远亮、黑龙江人，今年44岁。尽职尽责、好人一生平安  67                ",北京人的那些事,2549713795
"
#北京好人##北京寻人# @没有公主命要有女王芯C：【帮转05】今天中午亲戚一行四人到长城景区游玩，12:15左右发现老人走失，便开始寻找，13:00左右报警，至今仍未找到。老人姓汪，70多岁，外貌黑瘦。身上有联系人名片信息，酒店地址。求帮忙转发！！！！！联系人:吴先生13635595169 67 676767                ",没有公主命要有女王芯C,3479619900
"
#北京身边事##北京好人#【北京小伙一身正气，组队解救被外地人私锁的小黄车】【今天剪了六辆上私锁的***爽哈哈――分享自北京国安吧】@北京人发布会 @北京土著雷爷@北京发声@北京人时报 O网页链接 67                ",北京人新闻,1448616447
"
#北京身边事# #北京好人#【贴吧：北京小伙劝北京姑娘拒人逼恋保护自己：“千万别找东北人！” 网友：积德行善做好事！】O网页链接 @北京人发布会@卡扎菲9119@北京人时报@北京同城会@疯狂老北京@北京发声@北京人民新闻@北京土著雷爷@北京土著大联盟@北京人不知道的北京事儿@国际新闻观察 67  展开全文c ",北京人新闻,1448616447
"
#北京身边事##北京事儿##北京好人#【三位人品高尚的北京姑娘解救被人品低劣的外地建设者私锁的共享单车】 #共享单车在哭泣# by：@兔子等着瞧2017 @ofo共享单车 @ofo小黄车北京 @北京人发布会@卡扎菲9119@北京人时报@北京同城会@疯狂老北京@北京发声@北京人民新闻@马克Mark微故事 @北京土著雷 67  展开全文c ",北京人新闻,1448616447
"
#北京身边事##北京好人#【北京姑娘路遇破坏共享单车外地男子，见义勇为出手制止】评：外地人素质真低！by：@YukiMiKK 今天我下班时在昌平立水桥地铁站遇到两个男子在破坏ofo小黄车并卸车锁仍在地上骑走，我上前制止，男子不得已放弃此车，放在路边。由于我没有下载并使用过小黄车，就在车旁边守着，在 67  展开全文c ",北京人新闻,1448616447
"
#北京身边事##北京好人#【北京售票员大姐热心助人帮外地老人缓解病痛获称赞】by：@斯蒂芬3马布里 网友评：售票员大姐背负生活压力，随时可能被下岗，却依然坚守岗位尽忠职守。比睡觉玩手机的黑保安强百倍，北京人素质就是高，外地人比不了。不让本地公交司机售票员下岗不行吗？@北京公交集团  67  展开全文c ",北京人新闻,1448616447
"
#北京身边事##北京好人##北京观察#【因厌恶共享单车被私自占用，北京姑娘往返11次将小区内单车骑回公共区域】“北京姑娘又一次用行动教建设者做人！”by：@小猴猴116 #共享单车会被玩坏吗# 春节后 每天回家都会看到违规停进小区内楼门口的共享单车 向@ofo北京 和@摩拜单车北京 举报了无数次 但是 67  展开全文c ",北京人新闻,1448616447
"
#北京身边事# #北京好人#【北京摩友一身正气生擒骑伪造号牌摩托的外地贼，京城再爆正能量】为维护家乡北京的治安和交通秩序，一位北京摩友@裤衩儿两天一换 于今日晚间亲自在街头发现一名骑伪造号牌疑似盗抢摩托的黑龙江男子（尤今路，90年出生），并与随行摩友一道报警并控制该男子至民警到场。很好的 67  展开全文c ",北京人新闻,1448616447
"
#北京身边事##北京突发##北京观察##北京好人#【北漂偷ofo单车据为己有被发现，北京小伙一身正气见义勇为抓现行教北漂做人】贴吧一网友@Tyr争 发帖记录，路遇偷盗ofo的外地男子，于是出手，人赃并获扭送派出所。微评：一辆自行车几百块钱，这些北漂的人格连这几百块钱都没有。外地人在北京学做人的经历 67  展开全文c ",北京人新闻,1448616447
"
                    //@卡扎菲9119://@火狐冰冰冻儿:大爷V5 //@北京人发布:#北京身边事# #北京曝光##北京好人# 【北京大爷一身正气怒斥素质低劣的公交外地小黑人】@北京公交集团 @天涯北京009@卡扎菲9119@北京人时报@北京同城会@疯狂老北京@北京发声@北京人民新闻@北京土著雷爷@北京土著大联盟@北京网宣 ",玉群翡翠小百科,3281956267
"
                    //@北京人发布: #北京曝光##北京好人# 【北京大爷一身正气怒斥素质低劣的公交外地小黑人】@北京公交集团 @天涯北京009@卡扎菲9119@北京人时报@北京同城会@疯狂老北京@北京发声@北京人民新闻@北京土著雷爷@北京土著大联盟@北京网宣@北京人不知道的北京事儿@金汕博客@我是真梁言@徐德亮@小将南方@邓乐军 ",-第18使徒-,1792912405
"
                    /@京剧娃娃888:/@北京人发布: #北京曝光##北京好人# 【北京大爷一身正气怒斥素质低劣的公交外地小黑人】@北京公交集团 @天涯北京009@卡扎菲9119@北京人时报@北京同城会@疯狂老北京@北京发声@北京人民新闻@北京土著雷爷@北京土著大联盟@北京网宣@北京人不知道的北京事儿@金汕博客@我是真梁言@徐德亮 ",刘D宝儿,1886794537
"
                    随手 //@京剧娃娃888://@北京人发布:#北京身边事# #北京曝光##北京好人# 【公交小黑人】@北京公交集团 @天涯北京009@卡扎菲9119@北京人时报@北京同城会@疯狂老北京@北京发声@北京人民新闻@北京土著雷爷@北京土著大联盟@北京网宣@北京人不知道的北京事儿@金汕博客@我是真梁言@徐德亮 ",jiang_6898,5520205573
"
                    //@北京人发布:#北京身边事# #北京曝光##北京好人# 【北京大爷一身正气怒斥素质低劣的公交外地小黑人】                ",小猪麻麻的围脖,2993057284
"
                    //@卡扎菲9119://@火狐冰冰冻儿:大爷V5 //@北京人发布:#北京身边事# #北京曝光##北京好人# 【北京大爷一身正气怒斥素质低劣的公交外地小黑人】@北京公交集团 @天涯北京009@卡扎菲9119@北京人时报@北京同城会@疯狂老北京@北京发声@北京人民新闻@北京土著雷爷@北京土著大联盟@北京网宣 ",国安拉莫斯,1978906153
"
                    //@北京人发布:#北京身边事# #北京曝光##北京好人# 【北京大爷一身正气怒斥素质低劣的公交外地小黑人】@北京公交集团 @天涯北京009@卡扎菲9119@北京人时报@北京同城会@疯狂老北京@北京发声@北京人民新闻@北京土著雷爷@北京土著大联盟@北京网宣@北京人不知道的北京事儿@金汕博客@我是真梁言@徐德亮 ",京剧娃娃888,2538254670
"
                    //@北京人发布:#北京身边事# #北京曝光##北京好人# 【北京大爷一身正气怒斥素质低劣的公交外地小黑人】@北京公交集团 @天涯北京009@卡扎菲9119@北京人时报@北京同城会@疯狂老北京@北京发声@北京人民新闻@北京土著雷爷@北京土著大联盟@北京网宣@北京人不知道的北京事儿@金汕博客@我是真梁言 ",w先森V,2184857311
"
                    //@火狐冰冰冻儿:大爷V5 //@北京人发布:#北京身边事# #北京曝光##北京好人# 【北京大爷一身正气怒斥素质低劣的公交外地小黑人】@北京公交集团 @天涯北京009@卡扎菲9119@北京人时报@北京同城会@疯狂老北京@北京发声@北京人民新闻@北京土著雷爷@北京土著大联盟@北京网宣@北京人不知道的北京事儿@金汕博客 ",卡扎菲9119,2117557330
"
                    //@北京人发布:#北京身边事# #北京曝光##北京好人# 【北京大爷一身正气怒斥素质低劣的公交外地小黑人】@北京公交集团 @天涯北京009@卡扎菲9119@北京人时报@北京同城会@疯狂老北京@北京发声@北京人民新闻@北京土著雷爷@北京土著大联盟@北京网宣@北京人不知道的北京事儿@金汕博客@我是真梁言@徐德亮 ",北京_晕迨歉雒蜗爰,1923368563
"
                    大爷V5 //@北京人发布:#北京身边事# #北京曝光##北京好人# 【北京大爷一身正气怒斥素质低劣的公交外地小黑人】@北京公交集团 @天涯北京009@卡扎菲9119@北京人时报@北京同城会@疯狂老北京@北京发声@北京人民新闻@北京土著雷爷@北京土著大联盟@北京网宣@北京人不知道的北京事儿@金汕博客@我是真梁言 ",火狐狸与夏吾冬,1408190485
"
                    //@北京人发布:#北京身边事# #北京曝光##北京好人# 【北京大爷一身正气怒斥素质低劣的公交外地小黑人】@北京公交集团 @天涯北京009@卡扎菲9119@北京人时报@北京同城会@疯狂老北京@北京发声@北京人民新闻@北京土著雷爷@北京土著大联盟@北京网宣@北京人不知道的北京事儿 ",美艳毛小毛,2610570271
"
                    今天又看到一个北京好大妈，在地铁十号线团结湖站，一个男人不舒服蹲在地上，维持秩序的阿姨关心的问他没事吧？看他捂着心脏部位，赶紧指引他去旁边的椅子上坐下来，并建议他先去医院瞧瞧。雾霾立刻被驱散了。#北京好人# 67                ",万博的小豆,1743847362
"
                    中午定个外卖#外卖小哥#来晚了然后把送餐费给了我迷糊中#北京好人# 67                ",吃土的小喇叭,3895424482
"
#北京身边事##北京提醒##北京好人#【今天我为勇敢捍卫尊严回击碰瓷儿挑衅的北京小伙子换一次头像，你就是我们心里的英雄！】面对一个母逼破口大骂和耳光的羞辱，小伙子选择了勇敢的回击，因为他已经退无可退。你这两巴掌是替北京人打的！我们为你骄傲！！@北京人发布 @卡扎菲9119 @北京人时报  67  展开全文c ",北京人新闻,1448616447
"
#北京身边事##北京好人#【数名北京少年公交车上见义勇为擒窃贼】2016年10月21日，几位北京中学生在公交车上勇擒窃贼。而那么外地人享受北京公交补贴90%却很少亲自维护北京的治安秩序，更多选择袖手旁观，甚至制造北京90%的犯罪率。这境界差的真是太远了。关键时刻还是北京孩子有正气。@天涯北京009 67                ",京城爆料,5922373503
"
#北京身边事##北京好人#【数名北京少年公交车上见义勇为擒窃贼】2016年10月21日，几位北京中学生在公交车上勇擒窃贼。而那么外地人享受北京公交补贴90%却很少亲自维护北京的治安秩序，更多选择袖手旁观，甚至制造北京90%的犯罪率。这境界差的真是太远了。关键时刻还是北京孩子有正气。@天涯北京009 67                ",北京美食旅游,5922299295
"
                    我发表了头条文章:《#北京好人#您的一个小举动，让这场暴雨多了暖意！》 O#北京好人#您的一个小举动，让这场暴雨多了暖意！ 67                ",QL--摊子,1772017772
"
                    通州蝙蝠侠 //@天涯北京009:#北京好人#【通州群众】@北京人发布:  通州群众霸气出手，砸烂嚣张的东北逼小摊，见义勇为不留名。警方出手一个不落，曾叫嚣偷也是合法的东北无照摊贩团伙黑恶势力被一网打尽！！正义的力量再现京城！！通州群众一鸣惊人迅速窜红！！市民齐祝好人一生平安！！                ",Winson1130,2053514325
"
                    //@天涯北京009:#北京好人#【通州群众】@北京人发布:  通州群众霸气出手，砸烂嚣张的东北逼小摊，见义勇为不留名。警方出手一个不落，曾叫嚣偷也是合法的东北无照摊贩团伙黑恶势力被一网打尽！！正义的力量再现京城！！通州群众一鸣惊人迅速窜红！！市民齐祝好人一生平安！！                ",二子二了,1219729985
"
                    //@天涯北京009:#北京好人#【通州群众】@北京人发布:  通州群众霸气出手，砸烂嚣张的东北逼小摊，见义勇为不留名。警方出手一个不落，曾叫嚣偷也是合法的东北无照摊贩团伙黑恶势力被一网打尽！！正义的力量再现京城！！通州群众一鸣惊人迅速窜红！！市民齐祝好人一生平安！！                ",Jessie垣,3911707546
"
                    牛逼！ //@天涯北京009:#北京好人#【通州群众】@北京人发布:  通州群众霸气出手，砸烂嚣张的东北逼小摊，见义勇为不留名。警方出手一个不落，曾叫嚣偷也是合法的东北无照摊贩团伙黑恶势力被一网打尽！！正义的力量再现京城！！通州群众一鸣惊人迅速窜红！！市民齐祝好人一生平安！！                ",Schumi07ga,1704906051
"
                    //@天涯北京009:#北京好人#【通州群众】@北京人发布:  通州群众霸气出手，砸烂嚣张的东北逼小摊，见义勇为不留名。警方出手一个不落，曾叫嚣偷也是合法的东北无照摊贩团伙黑恶势力被一网打尽！！正义的力量再现京城！！通州群众一鸣惊人迅速窜红！！市民齐祝好人一生平安！！                ",小宅门儿,5654796806
"
                    帅//@Funny-8: //@天涯北京009:#北京好人#【通州群众】@北京人发布:  通州群众霸气出手，砸烂嚣张的东北逼小摊，见义勇为不留名。警方出手一个不落，曾叫嚣偷也是合法的东北无照摊贩团伙黑恶势力被一网打尽！！正义的力量再现京城！！通州群众一鸣惊人迅速窜红！！市民齐祝好人一生平安！！                ",家有小流氓--JamesTTTTTT,1836337854
"
                    //@天涯北京009:#北京好人#【通州群众】@北京人发布:  通州群众霸气出手，砸烂嚣张的东北逼小摊，见义勇为不留名。警方出手一个不落，曾叫嚣偷也是合法的东北无照摊贩团伙黑恶势力被一网打尽！！正义的力量再现京城！！通州群众一鸣惊人迅速窜红！！市民齐祝好人一生平安！！                ",ShuoShaw_,2969984952
"
                    //@天涯北京009:#北京好人#【通州群众】@北京人发布:  通州群众霸气出手，砸烂嚣张的东北逼小摊，见义勇为不留名。警方出手一个不落，曾叫嚣偷也是合法的东北无照摊贩团伙黑恶势力被一网打尽！！正义的力量再现京城！！通州群众一鸣惊人迅速窜红！！市民齐祝好人一生平安！！                ",安定医院老病人了,1716843264
"
                    //@Funny-8: //@天涯北京009:#北京好人#【通州群众】@北京人发布:  通州群众霸气出手，砸烂嚣张的东北逼小摊，见义勇为不留名。警方出手一个不落，曾叫嚣偷也是合法的东北无照摊贩团伙黑恶势力被一网打尽！！正义的力量再现京城！！通州群众一鸣惊人迅速窜红！！市民齐祝好人一生平安！！                ",斛槲S,1448407212
"
                    我地头蛇万岁 //@天涯北京009:#北京好人#【通州群众】@北京人发布:  通州群众霸气出手，砸烂嚣张的东北逼小摊，见义勇为不留名。警方出手一个不落，曾叫嚣偷也是合法的东北无照摊贩团伙黑恶势力被一网打尽！！正义的力量再现京城！！通州群众一鸣惊人迅速窜红！！市民齐祝好人一生平安！！                ",王-燕-京PEK,1296992971
"
                    干得漂亮//@天涯北京009:#北京好人#【通州群众】@北京人发布:  通州群众霸气出手，砸烂嚣张的东北逼小摊，见义勇为不留名。警方出手一个不落，曾叫嚣偷也是合法的东北无照摊贩团伙黑恶势力被一网打尽！！正义的力量再现京城！！通州群众一鸣惊人迅速窜红！！市民齐祝好人一生平安！！                ",憋了的路灯,1140965691
"
                    通州哥们儿干的好，解气91//@天涯北京009:#北京好人#@北京人发布:  通州群众霸气出手，砸烂嚣张的东北逼小摊，见义勇为不留名。警方出手一个不落，曾叫嚣偷也是合法的东北无照摊贩团伙黑恶势力被一网打尽！！正义的力量再现京城！！通州群众一鸣惊人迅速窜红！！市民齐祝好人一生平安！！                ",北京人团结互助会,2417998255
"
                    干的漂亮 //@天涯北京009:#北京好人#【通州群众】@北京人发布:  通州群众霸气出手，砸烂嚣张的东北逼小摊，见义勇为不留名。警方出手一个不落，曾叫嚣偷也是合法的东北无照摊贩团伙黑恶势力被一网打尽！！正义的力量再现京城！！通州群众一鸣惊人迅速窜红！！市民齐祝好人一生平安！！                ",囊嘉陆压,2256226347
"
                    //@天涯北京009:#北京好人#【通州群众】@北京人发布:  通州群众霸气出手，砸烂嚣张的东北逼小摊，见义勇为不留名。警方出手一个不落，曾叫嚣偷也是合法的东北无照摊贩团伙黑恶势力被一网打尽！！正义的力量再现京城！！通州群众一鸣惊人迅速窜红！！市民齐祝好人一生平安！！                ",老宋2008北京小小号,3810254010
"
#北京好人#【通州群众】@北京人发布:  通州群众霸气出手，砸烂嚣张的东北逼小摊，见义勇为不留名。警方出手一个不落，曾叫嚣偷也是合法的东北无照摊贩团伙黑恶势力被一网打尽！！正义的力量再现京城！！通州群众一鸣惊人迅速窜红！！市民齐祝好人一生平安！！                ",北京人新闻,1448616447
"
                    清晨感恩，昨天在清华园我和儿子吃的是食堂饭，是儿子跟大学的姐姐借的饭卡刷的，虽然我也给了美女饭钱，但这里还是要特别感谢这位美女，给了我儿子一次锻炼的机会！好人一生平安！早安#北京好人#2北京・清华大学#做好事做善事做志愿者##育儿那些事# 2高碑店 ・ 东盛街区 67                ",TST庭秘密-super家族金卡代理辉,1710131307
"
                    //@天涯北京009://@北京人发布:回复@北京人发布:#北京观察##北京好人#全车外地人无一援手视若无睹。只有作者拍照后用行动赞美北京大姐的义举！@天涯北京009//@北京人发布:#北京观察#肯定会有外地人说“你这样是想让清洁工失业吧？！”                ",乐悠悠_混日子,2055588447
"
                    //@北京人发布:回复@北京人发布:#北京观察##北京好人#全车外地人无一援手视若无睹。只有作者拍照后用行动赞美北京大姐的义举！@天涯北京009//@北京人发布:#北京观察#肯定会有外地人说“你这样是想让清洁工失业吧？！”                ",天秤座的777,5865914749
"
                    畜牲就是畜牲，它们习惯鞭子试教育//@世界上最后一个小纯洁://@天涯北京009://@北京人发布:回复@北京人发布:#北京观察##北京好人#全车外地人无一援手视若无睹。只有作者拍照后用行动赞美北京大姐的义举！@天涯北京009//@北京人发布:#北京观察#肯定会有外地人说“你这样是想让清洁工失业吧？！”                ",宣武-永存,2499867151
"
                    //@天涯北京009://@北京人发布:回复@北京人发布:#北京观察##北京好人#全车外地人无一援手视若无睹。只有作者拍照后用行动赞美北京大姐的义举！@天涯北京009//@北京人发布:#北京观察#肯定会有外地人说“你这样是想让清洁工失业吧？！”                ",String-RU舫跣,1768062221
"
                    //@北京人发布:回复@北京人发布:#北京观察##北京好人#全车外地人无一援手视若无睹。只有作者拍照后用行动赞美北京大姐的义举！@天涯北京009//@北京人发布:#北京观察#肯定会有外地人说“你这样是想让清洁工失业吧？！”                ",十三家的长睫毛,1301292957
"
                    还是北京人爱北京，再说一遍：WDB滚蛋！//@BJ炒肝://@天涯北京009://@北京人发布:回复@北京人发布:#北京观察##北京好人#全车外地人无一援手视若无睹。只有作者拍照后用行动赞美北京大姐的义举！@天涯北京009//@北京人发布:#北京观察#肯定会有外地人说“你这样是想让清洁工失业吧？！”                ",军皮少校-simon,2112201975
"
                    //@天涯北京009://@北京人发布:回复@北京人发布:#北京观察##北京好人#全车外地人无一援手视若无睹。只有作者拍照后用行动赞美北京大姐的义举！@天涯北京009//@北京人发布:#北京观察#肯定会有外地人说“你这样是想让清洁工失业吧？！”                ",牙医的牙有蛀牙,1026693791
"
//@天涯北京009://@北京人发布:回复@北京人发布:#北京观察##北京好人#全车外地人无一援手视若无睹。只有作者拍照后用行动赞美北京大姐的义举！@天涯北京009//@北京人发布:#北京观察#肯定会有外地人说“你这样是想让清洁工失业吧？！”                ",BJ炒肝,3508775484
"
                    //@天涯北京009://@北京人发布:回复@北京人发布:#北京观察##北京好人#全车外地人无一援手视若无睹。只有作者拍照后用行动赞美北京大姐的义举！@天涯北京009//@北京人发布:#北京观察#肯定会有外地人说“你这样是想让清洁工失业吧？！”                ",终于迈进了40的行列,3540450035
"
                    //@天涯北京009://@北京人发布:回复@北京人发布:#北京观察##北京好人#全车外地人无一援手视若无睹。只有作者拍照后用行动赞美北京大姐的义举！@天涯北京009//@北京人发布:#北京观察#肯定会有外地人说“你这样是想让清洁工失业吧？！”                ",梦的天堂_玲,1497117041
"
                    //@北京人发布:回复@北京人发布:#北京观察##北京好人#全车外地人无一援手视若无睹。只有作者拍照后用行动赞美北京大姐的义举！@天涯北京009//@北京人发布:#北京观察#肯定会有外地人说“你这样是想让清洁工失业吧？！”                ",薄荷-_-,1862750093
"
                    //@北京人发布:回复@北京人发布:#北京观察##北京好人#全车外地人无一援手视若无睹。只有作者拍照后用行动赞美北京大姐的义举！@天涯北京009//@北京人发布:#北京观察#肯定会有外地人说“你这样是想让清洁工失业吧？！”                ",心姐品花茶,5053857601
"
                    //@北京人发布:回复@北京人发布:#北京观察##北京好人#全车外地人无一援手视若无睹。只有作者拍照后用行动赞美北京大姐的义举！@天涯北京009//@北京人发布:#北京观察#肯定会有外地人说“你这样是想让清洁工失业吧？！”                ",北京人新闻,1448616447
"
                    //@北京人发布:#北京观察##北京好人#//@姐姐我爱小飞侠: ",嗨嗨个迷子,1911242755
"
#北京提醒##北京好人#【北京人开的饺子馆春节不涨价，不然北漂得饿死。WDB建设者狼心狗肺利欲熏心趁春节价格飞涨】北京大爷大妈两口子开的饺子馆，帖子里也有人提到一家位于通州的北京人开的饺子馆，都是良心价。@北京人发布 @姆们说 @马克Mark微故事 @萧伯纳 @北京网宣 67                ",北京人新闻,1448616447
"
                    //@放_肆://@北京-瑗玉: 找好心人//@西钓鱼台w://@北京人发布: 一看好人就是北京的//@大馒头Sam://@天涯北京009:#北京好人#@北京人发布 //@{子奏的白牛二:@天涯北京009 ",2003执子之手,1315659677
"
                    //@天涯北京009:#北京好人#@北京人发布 //@{子奏的白牛二:@天涯北京009 ",Jessie垣,3911707546
"
                    //@西钓鱼台w://@北京人发布: 一看好人就是北京的//@大馒头Sam://@天涯北京009:#北京好人#@北京人发布 //@{子奏的白牛二:@天涯北京009 ",罗小罗的家,2479248401
"
                    //@天涯北京009: #北京好人#@北京人发布 //@{子奏的白牛二:@天涯北京009 ",thbazinga,1868050011
"
                    //@北京--香槟独行侠://@偷得浮生半日闲轻松一下://@天涯北京009:#北京好人#@北京人发布 //@{子奏的白牛二:@天涯北京009 ",荷兰大郁金香,1937910734
"
                    找好心人//@西钓鱼台w://@北京人发布: 一看好人就是北京的//@大馒头Sam://@天涯北京009:#北京好人#@北京人发布 //@{子奏的白牛二:@天涯北京009 ",北京-瑗玉,1419875895
"
                    //@北京人发布: 一看好人就是北京的//@大馒头Sam://@天涯北京009:#北京好人#@北京人发布 //@{子奏的白牛二:@天涯北京009 ",西钓鱼台w,2422481400
"
                    //@偷得浮生半日闲轻松一下://@天涯北京009:#北京好人#@北京人发布 //@{子奏的白牛二:@天涯北京009 ",随遇而安_SKI,1930516497
"
                    //@天涯北京009:#北京好人#@北京人发布 //@{子奏的白牛二:@天涯北京009 ",大馒头Sam,2023435423
"
                    //@偷得浮生半日闲轻松一下://@天涯北京009:#北京好人#@北京人发布 //@{子奏的白牛二:@天涯北京009 ",北京--香槟,1173102751
"
                    //@天涯北京009:#北京好人#@北京人发布 //@{子奏的白牛二:@天涯北京009 ",姚大冉,1871983025
"
                    //@天涯北京009:#北京好人#@北京人发布 //@{子奏的白牛二:@天涯北京009 ",偷得浮生半日闲轻松一下,3829266684
"
                    //@天涯北京009: #北京好人#@北京人发布 //@{子奏的白牛二:@天涯北京009 ",Oer媛,1801797255
"
@BTV特别关注  //@天涯北京009:#北京好人#@北京人发布 //@{子奏的白牛二:@天涯北京009 ",素语-夕,1724686957
"
#北京好人#@北京人发布 //@{子奏的白牛二:@天涯北京009 ",北京人新闻,1448616447
"
#好人帮转# #北京好人# @北京好人网 @北京失物认领 @平安北京 @文化北京 @北京南站官方微博 ",诚实的眼睛兔,3984399637
"
                    //@o良I印品:为紫禁城巡夜点//@北京人发布:#北京好人#同时还要表扬第一个赶到派出所保护北京女孩一家人的北京爷们@紫禁城巡夜 团结互助，身体力行。希望更多的朋友能在有北京人需要帮助时挺身而出。让无辜弱势的兄弟姐妹不再孤单。                ",十二一四,1605155082
"
                    老匪好样的！//@北京人发布: #北京好人#同时还要表扬第一个赶到派出所保护北京女孩一家人的北京爷们@紫禁城巡夜 团结互助，身体力行。希望更多的朋友能在有北京人需要帮助时挺身而出。让无辜弱势的兄弟姐妹不再孤单。                ",{子奏的白牛二,1870501550
"
老匪精神//@o良I印品:为紫禁城巡夜点//@北京人发布:#北京好人#同时还要表扬第一个赶到派出所保护北京女孩一家人的北京爷们@紫禁城巡夜 团结互助，身体力行。希望更多的朋友能在有北京人需要帮助时挺身而出。让无辜弱势的兄弟姐妹不再孤单。                ",北京_唯帕切科,2658795363
"
                    为紫禁城巡夜点//@北京人发布:#北京好人#同时还要表扬第一个赶到派出所保护北京女孩一家人的北京爷们@紫禁城巡夜 团结互助，身体力行。希望更多的朋友能在有北京人需要帮助时挺身而出。让无辜弱势的兄弟姐妹不再孤单。                ",没好儿的每一天,1112554604
"
团结一致//@北京人发布:#北京好人#同时还要表扬第一个赶到派出所保护北京女孩一家人的北京爷们@紫禁城巡夜 团结互助，身体力行。希望更多的朋友能在有北京人需要帮助时挺身而出。让无辜弱势的兄弟姐妹不再孤单。                ",万物舍得之厚道北京人,1837693645
"
                    巡爷又到了！去年我们内事儿他就来了！//@不好玩儿_://@北京人发布:#北京好人#同时还要表扬第一个赶到派出所保护北京女孩一家人的北京爷们@紫禁城巡夜 团结互助，身体力行。希望更多的朋友能在有北京人需要帮助时挺身而出。让无辜弱势的兄弟姐妹不再孤单。                ",手帕胡同55号,1842824143
"
                    //@北京人发布: #北京好人#同时还要表扬第一个赶到派出所保护北京女孩一家人的北京爷们@紫禁城巡夜 团结互助，身体力行。希望更多的朋友能在有北京人需要帮助时挺身而出。让无辜弱势的兄弟姐妹不再孤单。                ",干艮倔奘,2237186211
"
                    //@北京人发布:#北京好人#同时还要表扬第一个赶到派出所保护北京女孩一家人的北京爷们@紫禁城巡夜 团结互助，身体力行。希望更多的朋友能在有北京人需要帮助时挺身而出。让无辜弱势的兄弟姐妹不再孤单。                ",不好玩儿_,2111637853
"
必须赞！ //@北京人发布:#北京好人#同时还要表扬第一个赶到派出所保护北京女孩一家人的北京爷们@紫禁城巡夜 团结互助，身体力行。希望更多的朋友能在有北京人需要帮助时挺身而出。让无辜弱势的兄弟姐妹不再孤单。                ",北京-瑗玉,1419875895
"
#北京好人# 今天取回了钱包，可惜没有见到老板。不过真是有缘……好人有好报！愿老板生意兴隆，好运不断97@朝彦希拾 @TOKU的猫总 @一饮月盈樽 @水入竹林 谢谢这份幸运！ 67                ",海盐与海,2440123157
"
                    大雨导致道路积水严重，一位摩的师傅正在用手清理路边的下水井口的杂物垃圾，清理完后，积水迅速减退，我说：师傅你心真好，师傅笑笑说：嗨，顺手的事。好人会友好报的！#北京大雨冰雹##北京好人# 67                ",维尼莎婚纱礼服的微博,2438410504
"
                    自昨天错过火车后，从票贩子开始，到要给我让座的北京奶奶，全部都是好人，疲惫身心被治愈了还是好人多满满正能量#北京好人多##北京好人# 67                ",star难倒不灿烂,2389044040
"
#北京好人# 贴吧ID为“北平记忆”的朋友刚在丰台教委门口给在场维持秩序的保安和民警买了几箱冰镇矿泉水！并以北京市民的名义向我公安干警和安保人员表示慰问，他同时也表达了对丰台区处置异闹方式的不满，如此非法集会扰乱公共秩序为什么不拘留？而那些正在进行无赖式讹诈的异闹则目露凶光的盯着他！ 67                ",北京人新闻,1448616447
"
#北京好人#【中国游客正能量：在美救护倒地美国人】日前，中国游客@唐神医 在美国圣地亚哥海洋公园游玩时，遇到一美国人突发心跳骤停。他一人坚持胸外按压十多分钟，直到除颤仪到位后成功复苏。公园为感谢，送他单独观看鲸鱼演出的大餐。据悉他是北京的一名医生。这才是中国人在外的形象！转！赞！ 67                ",北京人北京事儿,2875987594
"
                    【夕阳送温暖】#北京好人# 昨天，“夕阳送温暖”志愿者服务队在学院路街道成立。来自各行业的青年志愿者用自己的专业特长义务为老人开展健康义诊、社保法律咨询等帮助。为志愿者点赞~ 67                ",北京人北京事儿,2875987594
"
#北京好人#帮粉丝问下北京哪个医院的消化科比较好？@Gemini荼蘼 家里有老人要去北京看病，有知道的朋友可以帮个忙 67                ",北京人北京事儿,2875987594
"
#北京好人#寻找今天10点20分乘坐特2路双层公交车，在崇文门一带下车，高个子戴眼镜女生，你递给了对面伤心女生一包黄色糖果，说：一切都会好起来的，让她感动不已。请大家转发，善良的人无处不在。 67                ",美敦力健康关爱中心,2173051774
"
                    //@莫莫de汪星人:好人 //@gracebobbie:#北京领养# //@gracebobbie:原来是易果网的快递师傅！#北京好人# //@领养小铺:91                ",骗骗他妈,1661667591
"
                    必须点赞！买过他家水果～//@莫莫de汪星人: 好人 //@gracebobbie:#北京领养# //@gracebobbie:原来是易果网的快递师傅！#北京好人# //@领养小铺:                ",角落大狮子,1352894175
"
好人 //@gracebobbie:#北京领养# //@gracebobbie:原来是易果网的快递师傅！#北京好人# //@领养小铺:91                ",莫莫de汪星人,1435177437
"
                    //@gracebobbie: #北京好人##北京救助#//@baixiaoxi: 转发微博                ",bazingall,1829992872
"
#北京好人#帮助一位学生爸爸找一个好心的城管大哥，#上午在东二环爆胎，在辅路换备胎时，遇上一好心的城管大哥，帮我卸轮胎，安轮胎，非常热心。真是好人。祝好人一生平安！#@北京城管大队 @北京城管杂志 @平安北京 67                ",我又开始喝牛奶了,2211774525
"
                    //@宝应文明办: //@文明宝应向宁:@宝应文明办 @中国文明网#北京好人#「北师大走失教授被两位环卫工人找到了」今儿真被感动到了寻人的5万元奖金给到这对环卫夫妻的时候，俩人竟然要把这钱捐给教授治病。说这话的时候现场瞬间安静了，连在场记者都动容了。。。                ",文明宝应侯志红,5112575873
"
                    发表了博文 《北师大走失教授被两位环卫工人找到》 - @北京人不知道的北京事儿 #北京好人#「北师大走失教授被两位环卫工人找到了」今儿真被感动到了寻人的5万元奖金给到这对环卫夫妻的时候，俩人竟然要把这 O北师大走失教授被两位环卫工人找到 67                ",袁道之,1626525811
"
#北京好人#「北师大走失教授被两位环卫工人找到了」俩人竟然要把这钱捐给教授治病。//@崔永元: 这种好事很多，媒体报道很少，因为没有明星走光搏眼球。                ",元素碳,2016788505
"
#北京好人#「北师大走失教授被两位环卫工人找到了」今儿真被感动到了寻人的5万元奖金给到这对环卫夫妻的时候，俩人竟然要把这钱捐给教授治病。说这话的时候现场瞬间安静了，连在场记者都动容了。。。这对夫妻是四川人， //@段钢:转发微博                ",冠宸,1025058304
"
#北京好人#【北师大走失教授被两位环卫工人找到了】今儿真被感动到了寻人的5万元奖金给到这对环卫夫妻的时候，俩人竟然要把这钱捐给教授治病。说这话的时候现场瞬间安静了，连在场记者都动容了。。。这对夫妻是四川人，他们喂了8年流浪猫，14日凌晨5点在去喂流浪猫的路上发现走失的教授。 67                ",北京人不知道的北京事,2633437225
"
#北京好人#【北师大走失教授被两位环卫工人找到了】今儿真被感动到了寻人的5万元奖金给到这对环卫夫妻的时候，俩人竟然要把这钱捐给教授治病。说这话的时候现场瞬间安静了，连在场记者都动容了。。。这对夫妻是四川人，他们喂了8年流浪猫，14日凌晨5点在去喂流浪猫的路上发现走失的教授。 67                ",北京号外,2367310827
"
#北京好人# 很感动，但是不知道说什么能说出自己的感触  http://t.cn/RPhm6by 67                ",能动英语屋-方庄,2864047780
"
#北京好人#「北师大走失教授被两位环卫工人找到了」今儿真被感动到了寻人的5万元奖金给到这对环卫夫妻的时候，俩人竟然要把这钱捐给教授治病。说这话的时候现场瞬间安静了，连在场记者都动容了。。。这对夫妻是四川人，他们喂了8年流浪猫，14日凌晨5点在去喂流浪猫的路上发现走失的教授。 67                ",德州婚庆网,2077886697
"
#北京好人#「北师大走失教授被两位环卫工人找到了」寻人的5万元奖金给到这对环卫夫妻的时候，俩人竟然要把这钱捐给教授治病。说这话的时候现场瞬间安静了，连在场记者都动容了。。。这对夫妻是四川人，他们喂了8年流浪猫，14日凌晨5点在去喂流浪猫的路上发现走失的教授。 O网页链接 67                ",作家西原秋,1511671854
"
#北京好人#【北师大走失教授被两位环卫工人找到了】今儿真被感动到了寻人的5万元奖金给到这对环卫夫妻的时候，俩人竟然要把这钱捐给教授治病。说这话的时候现场瞬间安静了，连在场记者都动容了。。。这对夫妻是四川人，他们喂了8年流浪猫，14日凌晨5点在去喂流浪猫的路上发现走失的教授。 67                ",乐活北京,2094332313
"
#北京好人#【北师大走失教授被两位环卫工人找到了】今儿真被感动到了寻人的5万元奖金给到这对环卫夫妻的时候，俩人竟然要把这钱捐给教授治病。说这话的时候现场瞬间安静了，连在场记者都动容了。。。这对夫妻是四川人，他们喂了8年流浪猫，14日凌晨5点在去喂流浪猫的路上发现走失的教授。 67                ",jq的切尔额,2454735505
"
#北京好人#【北师大走失教授被两位环卫工人找到了】今儿真被感动到了寻人的5万元奖金给到这对环卫夫妻的时候，俩人竟然要把这钱捐给教授治病。说这话的时候现场瞬间安静了，连在场记者都动容了。。。这对夫妻是四川人，他们喂了8年流浪猫，14日凌晨5点在去喂流浪猫的路上发现走失的教授。 67                ",北京美食导航,2687129797
"
#北京好人#「北师大走失教授被两位环卫工人找到了」今儿真被感动到了寻人的5万元奖金给到这对环卫夫妻的时候，俩人竟然要把这钱捐给教授治病。说这话的时候现场瞬间安静了，连在场记者都动容了。。。这对夫妻是四川人，他们喂了8年流浪猫，14日凌晨5点在去喂流浪猫的路上发现走失的教授。 67                ",北京人不知道的北京事儿,1662214194
"
#北京好人#《北京的哥拾金不昧返还13万元现金受称赞》）“北京这座城市让人感到温暖，北京‘的哥’让人感动。”记者从北京市总工会获悉，近日，当湖北来京乘客邢某重新拿回自己失而复得的13万元现金后，紧紧握住北京新月联合汽车有限公司“的哥”陈德明的手，不停地感谢。北京的哥拾金不昧返还13万元现金受称赞 67                ",无冕之张,1719958394
"
                    帮你顶#北京好人# //@领养小铺: 【北京紧急求抓捕手、求车求志愿者抓4只狗暂时转移到丰台小院救命】                ",叶子用克秤,1899005765
"
#北京好人# 今晚在北京儿童医院替小婷婷做磁共振检查时，央视的记者随同采访向小婷婷现在的家人了解孩子状况，引起了同样在医院给孩子看病的另一对夫妇关注，随后这对夫妇不动声色取了两千元回来交给婷婷现在的家人便离去。没有留下影像，也没有姓名和电话，却让我们一下记在了心里。 67                ",微博打拐,1954522063
"
#北京好人#那年冬天在广院校园里发现一只流浪狗，从脖子以下被剥了皮，寒风中还依稀可见鲜血淋淋的痕迹，一瘸一拐奄奄一息。几天后再见它，竟然穿了一件碎花布小棉袄，跟在其他4、5只小狗身后跌跌撞撞自得其乐。一个黑色羽绒服老爷爷跟在后面，后来听说他是广院的老师，小狗都是被遗弃的流浪狗。 67                ",杨子Rebecca,1644631677
"
#北京好人#19岁那年在宿舍养了两只兔子，名曰大白和小白。小白弥留之际停不了抽搐，深夜时我哭着怀抱将死的她去宠物医院就医。出租车上我 哭成了泪人，司机叔叔说，别哭了，叔叔不收你钱，小兔子不好玩，我给你弄个小黄狗吧？快十年后想起这件事来，好想谢谢曾经有人对我那么宽容。 67                ",杨子Rebecca,1644631677
"
#北京好人#大雪困我于北京，机场巴士上不知道去哪的我愁容满面。和身边大哥哥借电话询问航班，听到我说飞机已经耽误，他默默拨通携程电话，帮我在西单附近定了家酒店。＂找个地方落脚再说。""他憨厚得笑笑，穿着夏季单衣的我在零下的北京却分外觉得温暖。 67                ",杨子Rebecca,1644631677
"
                    在路边打车，结果我站错了地，车停了我也没看见，指挥公交站排队的阿姨热心地叫我回来，司机也耐心地等着我，外面飘着雪花，心里好暖和。感恩路遇#北京好人#，让俺没有上演""迟到免入的悲剧"" 67                ",娜姆-,2676964301
"
#北京好人#今早6：30－7：00我一个师姐乘坐特12公交车，车号76033，行至大观园附近，突然呕吐不止，浑身虚汗淋漓，司售人员将车停在路边，劝说其它乘客坐下一趟车，乘客无出怨言。司售人员帮助打电话找亲属，一直等到半个小时后亲友赶到。其间，司机师傅怀疑师姐低血糖，下车到处找买糖的地方。 67                ",vivianluo2010,1402610554
"
                    昨，很多车被一辆没道德的尼桑困在里面出不来，我也深陷其中，给交通大队打电话，警察叔叔来了还有热心的大爷，他们就趴在车底，帮我垫一截砖头，当时觉得他们好危险的，足够信任我的脚刹。北京人热心肠好人也多。#北京好人#谢谢你们，在微博上感谢一下。呼吁一下大家停车，务必留一个能打通的电话 67                ",Rachel格子,1822153905
"
#北京好人#我在地铁里，捡到一手机，把它交给失主的手里面，可惜失主没咋感谢我，哈哈哈哈 67                ",三三三水,1962171543
"
#万能的微博# 有个着急的快递要去#通州#取 有没有顺路的 可以下班的时候帮我取下 到国贸交接啊 我在北五环西北角 真的是一条大斜线跨越北京啊 好无力 再也不会爱了 求转发求帮助啊啊啊#北京好人# 67                ",小辫儿喜乐,1693122112
"
                    //@佳佳乐援贫助教事业部://@王玉涛微博: 来自南阳的“腰颈肩腿疼痛治疗”专家刘医师正在为#北京好人##李高峰#治疗颈椎病！关于李高峰：O网页链接 O网页链接 O网页链接 O网页链接 ",听枫叶冷秋落,2949244971
"
                    //@王玉涛微博: 来自南阳的“腰颈肩腿疼痛治疗”专家刘医师正在为#北京好人##李高峰#治疗颈椎病！关于李高峰：O网页链接 O网页链接 O网页链接 O网页链接 ",佳佳乐助学就业服务中心,1667593054
"
#北京好人# 问路绝大多数北京人是热心而真诚的，印象最深的是那晚从前门东来顺出来打不到车在单循环上找回鼓楼的5路车，问到一位老大爷他热心地说来来来跟我走我带你们去一路健步如飞说他每天都在这一带捡空矿泉水瓶顺便带路昨天带了6趟今天还得加油，等把我们带到了又有人问路他又领着人走回去谢谢他 67                ",半月Lastquarter,1912664837
"
                    来自南阳的“腰颈肩腿疼痛治疗”专家刘医师正在为#北京好人##李高峰#治疗颈椎病！关于李高峰：O网页链接 O网页链接 O网页链接 O网页链接 ",小芳果园,1692018945
"
                    来自南阳的“腰颈肩腿疼痛治疗”专家刘医师正在为#北京好人##李高峰#治疗颈椎病！关于李高峰：O网页链接 O网页链接 O网页链接 O网页链接 67                ",小芳果园,1692018945
"
                    来自南阳的“腰颈肩腿疼痛治疗“专家刘医师正在为#北京好人# 67                ",小芳果园,1692018945
"
#北京好人#前俩天在喀纳斯，同行的哥们把手机丢了，今天接到一个北京的电话（他把他的电话呼叫转移到我手机上），说在喀纳斯的景区车上捡到手机，当时没电了，又要直接飞回北京，想等他补完卡再联系，要了地址，把手机寄过来。还是好人多呀！我对这个世界充满希望。 我在:2农大东路 67                ",长鼻子的皮诺曹,1900517221
"
#北京好人#  感谢京BH2053出租车师父，夜雨中施援，给抛锚路边的我搭电着车，淋得浑身湿透分文不取，笑呵呵的驱车走了，连姓名都没说。@平安北京 @北京青年周刊 @北京科技报孙凤新 @北京发布 @北京新闻广播 @我爱北京 @北京文明出行 @北大陈浩武 @最in北京 @北京晚报 @北京玩乐住 67                ",TC黎亮,1262390220
"
                    实实在在做善事！致敬! //@黄乐LELE:#北京精神##北京好人# //@韩江_HanJiang: //@时尚芭莎: 北京好人78 //@瘦马:好心人埋名隐姓。这才是明星。 //@左小祖咒:一个社会如果不表扬好人好事，会让很多欲去做好人好事的人寒心。 //@孙淳: //@欧阳江河: 北京好人。                ",gladsea,2716559711
"
#北京精神##北京好人# //@韩江_HanJiang: //@时尚芭莎: 北京好人78 //@瘦马:好心人埋名隐姓。这才是明星。 //@左小祖咒:一个社会如果不表扬好人好事，会让很多欲去做好人好事的人寒心。 //@孙淳: //@欧阳江河: 北京好人。                ",黄乐LELE,1605991300
"
                    模子  //@啊c_cc小店掌://@刘思齐北京: 国贸附近的K可找我，我自己也困在公司了,热水+饮用水+大片，20人没问题////@马征: 回复@美西格彭晶辉: 五道口需要帮助的朋友们看过来 #北京好人# //@美西格彭晶辉:有困在五道口附近不能回家的人没有，五道口城铁附近华清嘉园16号楼，不能回去的到我这来，                ",babyface不要babyfat,1916918715
"
 //@马征:回复@美西格彭晶辉: 五道口需要帮助的朋友们看过来 #北京好人# //@美西格彭晶辉:有困在五道口附近不能回家的人没有，五道口城铁附近华清嘉园16号楼，不能回去的到我这来，公司可以凑合一个晚上，人数可以容纳20人左右。有热水洗澡，饮用。在北京不容易，大家照顾。电话400-668-2921                ",阿牛吹吹,2518193944
"
好人啊。//@诗玛96: //@李明顺:已经接到一个福建到京，刚下飞机到东直门没地方去的的姑娘，在公司了，汇报一下。@王煜全 //@划火柴的卖姑娘Dina眷恋: 觉得好温暖 这么多好心人 //@李明顺:晶辉是我兄弟，靠谱 //@马征: 回复@美西格彭晶辉: 五道口需要帮助的朋友们看过来 #北京好人# ",bibi的mommy,1459414934
"
好人多呀!字数多，转不了 //@景三郎: //@好山水_j61: //@李明顺: 晶辉靠谱  //@马征: 回复@美西格彭晶辉: 五道口需要帮助的朋友们看过来 #北京好人# ",信仰道德,1009353050
"
                     //@杨曦YX: //@陈敢: 都靠谱 //@李明顺:晶辉是我兄弟，靠谱 //@马征: 回复@美西格彭晶辉: 五道口需要帮助的朋友们看过来 #北京好人# //@美西格彭晶辉:有困在五道口附近不能回家的人没有，五道口城铁附近华清嘉园16号楼，不能回去的到我这来，公司可以凑合一个晚上，人数可以容纳2                ",释觉-豆豆,1657853395
"
 //@李明顺:已经接到一个福建到京，刚下飞机到东直门没地方去的的姑娘，在公司了，汇报一下。@王煜全 //@划火柴的卖姑娘Dina眷恋: 觉得好温暖 这么多好心人 //@李明顺:晶辉是我兄弟，靠谱 //@马征: 回复@美西格彭晶辉: 五道口需要帮助的朋友们看过来 #北京好人# ",诗玛96,1920631817
"
                    好好休息吧，这个夜晚就快过去了//@李明顺: 已经接到一个福建到京，刚下飞机到东直门没地方去的的姑娘，在公司了，汇报一下。@王煜全 //@划火柴的卖姑娘Dina眷恋: 觉得好温暖 这么多好心人 //@李明顺:晶辉是我兄弟，靠谱 //@马征: 回复@美西格彭晶辉: 五道口需要帮助的朋友们看过来 #北京好人# ",马征,1569898607
"
                    已经接到一个福建到京，刚下飞机到东直门没地方去的的姑娘，在公司了，汇报一下。@王煜全 //@划火柴的卖姑娘Dina眷恋: 觉得好温暖 这么多好心人 //@李明顺:晶辉是我兄弟，靠谱 //@马征: 回复@美西格彭晶辉: 五道口需要帮助的朋友们看过来 #北京好人# ",李明顺,1642283520
"
                    觉得好温暖 这么多好心人 //@李明顺:晶辉是我兄弟，靠谱  //@马征: 回复@美西格彭晶辉: 五道口需要帮助的朋友们看过来 #北京好人# ",划火柴的卖姑娘Dina,1766500424
"
                    //@好山水_j61://@李明顺: 晶辉靠谱 //@马征: 回复@美西格彭晶辉: 五道口需要帮助的朋友们看过来 #北京好人# //@美西格彭晶辉:有困在五道口附近不能回家的人没有，五道口城铁附近华清嘉园16号楼，不能回去的到我这来，公司可以凑合一个晚上，人数可以容纳20人左右。有热水洗澡，饮用。有少量睡袋，在北                ",景三郎,1443434271
"
                    五道口需要帮助的朋友们看过来 #北京好人# //@美西格彭晶辉:有困在五道口附近不能回家的人没有，五道口城铁附近华清嘉园16号楼，不能回去的到我这来，公司可以凑合一个晚上，人数可以容纳20                ",占礼珍,1299966387
"
                     //@_喵了咪: //@桃言o忌://@马征: 回复@美西格彭晶辉: 五道口需要帮助的朋友们看过来 #北京好人# //@美西格彭晶辉:有困在五道口附近不能回家的人没有，五道口城铁附近华清嘉园16号楼，不能回去的到我这来，公司可以凑合一个晚上，人数可以容纳20人左右。有热水洗澡，饮用                ",蒋堂听课,2300182877
"
                    //@果然Really: //@刘思齐北京:国贸附近的K可找我，我自己也困在公司了,热水+饮用水+大片，20人没问题//@李明顺:晶辉是我兄弟，靠谱 //@马征: 回复@美西格彭晶辉: 五道口需要帮助的朋友们看过来 #北京好人# //@美西格彭晶辉:有困在五道口附近不能回家的人没有，五道口城铁附近华清嘉园16号楼，不能回去                ",法克艾斯猴,2613602355
"
                    俗话说的好，患难见真情!北京遭遇此次雨水天灾，虽然没回北京，但我的心很一样很着急 一直关注微博 打开电视中央新闻频道，了解北京最新信息，但看见很多北京老乡无私的伸出援助之手，我很感动 谢谢你们 谢谢你们 谢谢您!#O网页链接# #O网页链接# (本条微博献给北京好人们) 67                ",电影人汪先生,1619220243
"
                    //@刘思齐北京:国贸附近的K可找我，我自己也困在公司了,热水+饮用水+大片，20人没问题//@李明顺:晶辉是我兄弟，靠谱 //@马征: 回复@美西格彭晶辉: 五道口需要帮助的朋友们看过来 #北京好人# //@美西格彭晶辉:有困在五道口附近不能回家的人没有，五道口城铁附近华清嘉园16号楼，不能回去的到我这来，                ",果然really,1643784855
"
                    //@美西格彭晶辉:刘总好人//@刘思齐北京: 国贸附近的K可找我，我自己也困在公司了,热水+饮用水+大片//@陈敢: 都靠谱 //@李明顺:@马征: 回复@美西格彭晶辉: 五道口需要帮助的朋友们看过来 #北京好人# //@美西格彭晶辉:有困在五道口附近不能回家的人没有，五道口城                ",ZGQ强哥202735,2659552085
"
                    //@刘思齐北京: 国贸附近的K可找我，我自己也困在公司了,热水+饮用水+大片，20人没问题//@李明顺:晶辉是我兄弟，靠谱 //@马征: 回复@美西格彭晶辉: 五道口需要帮助的朋友们看过来 #北京好人# //@美西格彭晶辉:有困在五道口附近不能回家的人没有，五道口城铁附近华清嘉园16号楼，不能回去的到我这来，                ",啊c_cc小店掌,1800262421
"
                    //@刘思齐北京:国贸附近的K可找我，我自己也困在公司了,热水+饮用水+大片，20人没问题//@陈敢: 都靠谱 //@李明顺:晶辉是我兄弟，靠谱 //@马征: 回复@美西格彭晶辉: 五道口需要帮助的朋友们看过来 #北京好人# //@美西格彭晶辉:有困在五道口附近不能回家的人没有，五道口城铁附近华清嘉园16号楼，不能回                ",卡利甘,1633616087
"
                    //@_喵了咪://@桃言o忌://@马征: 回复@美西格彭晶辉: 五道口需要帮助的朋友们看过来 #北京好人# //@美西格彭晶辉:有困在五道口附近不能回家的人没有，五道口城铁附近华清嘉园16号楼，不能回去的到我这来，公司可以凑合一个晚上，人数可以容纳20人左右。有热水洗澡，饮用                ",新年新气象的炳子,1848908131
"
                    刘总好人//@刘思齐北京: 国贸附近的K可找我，我自己也困在公司了,热水+饮用水+大片//@陈敢: 都靠谱 //@李明顺:@马征: 回复@美西格彭晶辉: 五道口需要帮助的朋友们看过来 #北京好人# //@美西格彭晶辉:有困在五道口附近不能回家的人没有，五道口城铁附近华清嘉园16号楼，不能回去的到我这来，                ",老麦_创投梦工场,1529628847
"
                    //@陈敢: 都靠谱 //@李明顺:晶辉是我兄弟，靠谱 //@马征: 回复@美西格彭晶辉: 五道口需要帮助的朋友们看过来 #北京好人# //@美西格彭晶辉:有困在五道口附近不能回家的人没有，五道口城铁附近华清嘉园16号楼，不能回去的到我这来，公司可以凑合一个晚上，人数可以容纳20人左右。有热水洗澡，饮用                ",蜗牛rider,2060247385
"
                    国贸附近的K可找我，我自己也困在公司了,热水+饮用水+大片，20人没问题//@陈敢: 都靠谱 //@李明顺:晶辉是我兄弟，靠谱 //@马征: 回复@美西格彭晶辉: 五道口需要帮助的朋友们看过来 #北京好人# //@美西格彭晶辉:有困在五道口附近不能回家的人没有，五道口城铁附近华清嘉园16号楼，不能回去的到我这来，                ",刘思齐北京,2076184207
"
                    //@王煜全: 好人！给五道口附近需要的朋友！ //@马征:回复@美西格彭晶辉: 五道口需要帮助的朋友们看过来 #北京好人# ",ohydir,2492361860
"
                    //@云之上飞鸟在天VC:转个 //@李明顺: 晶辉是我兄弟，靠谱 //@马征: 回复@美西格彭晶辉: 五道口需要帮助的朋友们看过来 #北京好人# //@美西格彭晶辉:有困在五道口附近不能回家的人没有，五道口城铁附近华清嘉园16号楼，不能回去的到我这来，公司可以凑合一个晚上，人数可以容纳20人左右。有热水洗澡                ",忙不停怎么办,1863376833
"
                    //@大都会太阳系DQ://@王煜全: 好人给好人担保，我信！ //@李明顺:晶辉是我兄弟，靠谱 //@马征: 回复@美西格彭晶辉: 五道口需要帮助的朋友们看过来 #北京好人# ",大都会超越营业处李萍,2012294630
"
好人有好报  //@陈敢:都靠谱 //@李明顺:晶辉是我兄弟，靠谱 //@马征: 回复@美西格彭晶辉: 五道口需要帮助的朋友们看过来 #北京好人# //@美西格彭晶辉:有困在五道口附近不能回家的人没有，五道口城铁附近华清嘉园16号楼，不能回去的到我这来，公司可以凑合一个晚上，人数可以容纳20人左右。有热水                ",EAA宁大妞,2191450057
"
                    //@陈敢: 都靠谱 //@李明顺:晶辉是我兄弟，靠谱 //@马征: 回复@美西格彭晶辉: 五道口需要帮助的朋友们看过来 #北京好人# //@美西格彭晶辉:有困在五道口附近不能回家的人没有，五道口城铁附近华清嘉园16号楼，不能回去的到我这来，公司可以凑合一个晚上，人数可以容纳20人左右。有热水洗澡，饮用                ",桃言o忌,1000305443
"
                    //@王煜全:好人给好人担保，我信！ //@李明顺:晶辉是我兄弟，靠谱  //@马征: 回复@美西格彭晶辉: 五道口需要帮助的朋友们看过来 #北京好人# ",淡蓝色1213,1838747380
"
                    //@王煜全: 好人给好人担保，我信！ //@李明顺:晶辉是我兄弟，靠谱 //@马征: 回复@美西格彭晶辉: 五道口需要帮助的朋友们看过来 #北京好人# ",猫咪的午后咖啡,1832698607
"
好人给好人担保，我信！ //@李明顺:晶辉是我兄弟，靠谱  //@马征: 回复@美西格彭晶辉: 五道口需要帮助的朋友们看过来 #北京好人# ",王煜全,1634074550
"
                    都靠谱 //@李明顺:晶辉是我兄弟，靠谱 //@马征: 回复@美西格彭晶辉: 五道口需要帮助的朋友们看过来 #北京好人# //@美西格彭晶辉:有困在五道口附近不能回家的人没有，五道口城铁附近华清嘉园16号楼，不能回去的到我这来，公司可以凑合一个晚上，人数可以容纳20人左右。有热水洗澡，饮用                ",牧野河东南,1663561350
"
                    //@王煜全: 好人！给五道口附近需要的朋友！ //@马征:回复@美西格彭晶辉: 五道口需要帮助的朋友们看过来 #北京好人# ",肖亦琪,1029725894
"
                    //@王煜全: 好人！给五道口附近需要的朋友！ //@马征:回复@美西格彭晶辉: 五道口需要帮助的朋友们看过来 #北京好人# ",v陈小光v,1730692772
"
                    转个 //@李明顺: 晶辉是我兄弟，靠谱 //@马征: 回复@美西格彭晶辉: 五道口需要帮助的朋友们看过来 #北京好人# //@美西格彭晶辉:有困在五道口附近不能回家的人没有，五道口城铁附近华清嘉园16号楼，不能回去的到我这来，公司可以凑合一个晚上，人数可以容纳20人左右。有热水洗澡                ",那年和你的记忆,1812508170
"
                    五道口好人//@王煜全:好人！给五道口附近需要的朋友！ //@马征:回复@美西格彭晶辉: 五道口需要帮助的朋友们看过来 #北京好人# ",三家木寸,1479779365
"
好人！给五道口附近需要的朋友！ //@马征:回复@美西格彭晶辉: 五道口需要帮助的朋友们看过来 #北京好人# ",王煜全,1634074550
"
                    晶辉是我兄弟，靠谱 //@马征: 回复@美西格彭晶辉: 五道口需要帮助的朋友们看过来 #北京好人# //@美西格彭晶辉:有困在五道口附近不能回家的人没有，五道口城铁附近华清嘉园16号楼，不能回去的到我这来，公司可以凑合一个晚上，人数可以容纳20人左右。有热水洗澡，饮用。有少量睡袋，在北京不容易，大                ",李明顺,1642283520
"
                    回复@马征:五道口平时一下雨就积水的，在附近的人过来吧 //@马征:回复@美西格彭晶辉: 五道口需要帮助的朋友们看过来 #北京好人# //@马征:绝对靠谱的兄弟，赞一个！                ",老麦_创投梦工场,1529628847
"
                    回复@美西格彭晶辉: 五道口需要帮助的朋友们看过来 #北京好人# //@美西格彭晶辉:有困在五道口附近不能回家的人没有，五道口城铁附近华清嘉园16号楼，不能回去的到我这来，公司可以凑合一个晚上，人数可以容纳20人左右。有热水洗澡，饮用。有少量睡袋，在北京不容易，大家照顾。电话400-668-2921                ",马征,1569898607
"
                    这才是北京精神！//@哥本树根:直播中得知首都机场滞留八万人，走不了也回不来，感谢#北京好人# //@李小萌:和往年看海不同的景象，传播正能量。                ",早早离开,1676072875
"
#记住他们 北京好人#@陈志刚：我也动起来：四惠东方圆十公里需要接送，或从机场要到这附近的，本人愿意帮忙。请私信我或 @王煜全 67                ",听话的小弥陀,1496846721
"
                    直播中得知首都机场滞留八万人，走不了也回不来，感谢#北京好人# //@李小萌:和往年看海不同的景象，传播正能量。                ",哥本树根,1409049115
"
#北京好人# 感谢好人好事：晚六点顺结束游泳课，外面暴雨倾盆，母子俩冒雨涉水回家，走到奥都旭辉外，水太深，难行走。一住望春园年轻帅哥主动过来帮我把孩子背过水深处，并在下一水深处等着我们娘俩，再次伸出援助之手。真的很感谢他，虽然不知帅哥姓名。回家路上教育顺，以后我们也要帮助有困难的人 67                ",兜住幸福和关爱,1860033340
"
#北京好人# 大概是神-澹翰弊勇湔砗苎现兀打车跟师傅说我脖子落枕开稳些，没想到，师傅当即表示他会推拿，开车到地方三下五除二给我按了十多分钟，脖子状况好了许多，我说我耽误了您的活要给钱，师傅说啥也不要，我要买包烟师傅也不要，我趁师傅不注意拍下了他的运营拍照，好人一生平安！ 67                ",九色北京城,2305634997
"
#北京好人# @大概是神-澹翰弊勇湔砗苎现兀打车跟师傅说我脖子落枕开稳些，没想到，师傅当即表示他会推拿，开车到地方三下五除二给我按了十多分钟，脖子状况好了许多，我说我耽误了您的活要给钱，师傅说啥也不要，我要买包烟师傅也不要，我趁师傅不注意拍下了他的运营拍照，好人一生平安！ 67                ",北京热门,2008383372
"
#北京好人#下班路上买水果发现没带钱，想去银行取钱再付，店员说'天太热，不用特地取钱了，有钱顺便带过来'感动! 67                ",沙兰兰,1696217760
"
北京人不知道的北京事儿：#北京好人# 静候那畜生老外强奸未遂案的处理结果！到底什么时候能有个信儿！！！另外第一救人者现身，原来是咱北京的纯爷们儿杨磊，述说整个救人过程，和发廊阿健所描述的有出入。。。记得以后再遇这事儿，作为一个爷们儿绝不能犹豫！O网页链接 ",S李木子S,1917487937
"
#北京好人# 静候那畜生老外强奸未遂案的处理结果！到底什么时候能有个信儿！！！另外第一救人者现身，原来是咱北京的纯爷们儿杨磊，述说整个救人过程，和发廊阿健所描述的有出入。。。记得以后再遇这事儿，作为一个爷们儿绝不能犹豫！O网页链接 67                ",内涵搞笑视频集锦,2165509001
"
#北京好人# 静候那畜生老外强奸未遂案的处理结果！到底什么时候能有个信儿！！！另外第一救人者现身，原来是咱北京的纯爷们儿杨磊，述说整个救人过程，和发廊阿健所描述的有出入。。。记得以后再遇这事儿，作为一个爷们儿绝不能犹豫！O网页链接 67                ",北京人不知道的北京事儿,1662214194
"
#北京好人# 【北京“拐杖哥”勇救落水女 】8日下午，一女子落入龙潭湖公园水中，一名拄拐杖的男青年率先跳入湖中将落水女子托到岸边。拄拐男子上岸后，没有留下姓名就离开，但还是被游人用照相机记录了下来。。。感人好样儿的！！！ (通过 @微发现iPhone客户端 发现) 67                ",Giving_giving,1239430457
"
#北京好人# 【北京“拐杖哥”勇救落水女 】8日下午，一女子落入龙潭湖公园水中，一名拄拐杖的男青年率先跳入湖中将落水女子托到岸边。拄拐男子上岸后，没有留下姓名就离开，但还是被游人用照相机记录了下来。。。感人好样儿的！！！ (通过 @微发现iPhone客户端 发现) 67                ",老g-Jason,1504686571
"
#北京好人# 【北京“拐杖哥”勇救落水女 】8日下午，一女子落入龙潭湖公园水中，一名拄拐杖的男青年率先跳入湖中将落水女子托到岸边。拄拐男子上岸后，没有留下姓名就离开，但还是被游人用照相机记录了下来。。。感人好样儿的！！！ 67                ",微发现iPhone客户端,2125384037
"
#北京好人# 【北京“拐杖哥”勇救落水女 】8日下午，一女子落入龙潭湖公园水中，一名拄拐杖的男青年率先跳入湖中将落水女子托到岸边。拄拐男子上岸后，没有留下姓名就离开，但还是被游人用照相机记录了下来。。。感人好样儿的！！！ 67                ",内涵搞笑视频集锦,2165509001
"
#北京好人# 新京报：【北京“拐杖哥”勇救落水女 】昨儿下午，一女子落入龙潭湖公园水中，一名拄拐杖的男青年率先跳入湖中将落水女子托到岸边。拄拐男子上岸后，没有留下姓名就离开，但还是被游人用照相机记录了下来。。。感人好样儿的！！！ 67                ",北京人不知道的北京事儿,1662214194
"
                    #O网页链接#12月的北京从飘雪开始，这个周末假日，时尚版的#红玫瑰与白玫瑰#、林兆华戏剧作品#拍案惊奇一枝花#、开心麻花贺岁剧#旋转卡门#，喜剧#桃色办公室#、还有正乙祠古戏楼的#黄粱一梦#、#北京好人#等等都将在北京华彩结演……O网页链接 67                ",水鸟票务戏剧,2503945841
"
                    她是《老牛家的战争》里的张月梅、《四世同堂》里的胖菊子、《爱情20年》里的孔令芹，《编辑部的故事-我不是坏女孩》中的大学生。#北京好人#中一人分饰多角，唱奉调挑大梁，技压全场神采飞扬。笑的灿烂，演的精彩，活的潇洒。爱生活，爱舞台，历经风雨见彩虹。她是@演员王澜。生日快乐！矛 67                ",OwlStudio夜猫子工作室,2392830013
"
#北京好人#很文很缺钱 //@非礼bin：有些戏剧文学又特别缺钱@OwlStudio夜猫子工作室  ",OwlStudio夜猫子工作室,2392830013
"
 #北京好人# ",酌de丫丫,2405234367
"
#北京好人#舞美程式虽不考究， 好词好曲好调，足矣。这叫中国的小剧场！！！！！@童为列 67                ",多一个字都是TMD浪费,1783901771
"
#北京好人#突然又想起来一点。。。关于随大，我一直认为他是对立于沈黛那种毫无保留的好而言的坏！有种坏不是为了烧杀掠夺也不是为了中饱私囊，而是为了保护世上最真的那份好！这个地方我觉得交代的不是太清楚。。。也可能是我没看清楚。。。@鹦鹉史航 67                ",守候375,1686464955
"
#北京好人#还有个吹毛求疵的小细节，三位神仙的配音，一开始湖南那位是由李老师配音，另外两位都是@鹦鹉史航 ，到了最后就变成史老师给湖南那位和矮的那位神仙配音了。我觉得是动道具的那位动的和说话的人没对上。。。 67                ",守候375,1686464955
"
#北京好人#对于戏剧我完全是个初级又初级的观众，一听到今天提问题的那些词就有点晕。所以我的问题完全没好意思问出口。想问两个问题：1.于彪和苏好古这两位对于沈黛报有什么样的感情呢，有爱么？2关于今天的弹唱，是特意为北京这俩字加进去的么？提个小意见，唱的词有些拗口，听不太清楚。@鹦鹉史航 67                ",守候375,1686464955
"
#北京好人#演后谈。希望@鹦鹉史航 把各位演员列一下名字或者@ 一下。。。 67                ",守候375,1686464955
"
#北京国际青年戏剧节#在北大百年讲堂看#北京好人#，刚才看到@鹦鹉史航 了。他是编剧?。。。我记得好像是。还有很多外国友人。。 67                ",守候375,1686464955
"
                    我一直不确定在看一部戏之前是否应该先看下原著 但能肯定的是 看完戏以后有欲望去读读原著的 应该还是不错的戏 #北京好人# 67                ",红花的马甲,1942486865
"
#北京好人# 挺失望，接受不能 67                ",Daisysyphus,1793486297
"
#北京好人#2011.09.14-15@北大百年讲堂 本剧源自布莱希特的《四川好人》。但我们不是学大师说话，是接着大师的话题继续往下说：在人剥削人、人压迫人的社会，如何做个好人。O网页链接 67                ",永乐票务戏剧,1937559532
"
#2011北京国际青年戏剧节#最具新意作品@夜猫子工作室 #北京好人#免费抢票！【参与规则：1、关注@中票在线 ；2、转发此微博】本剧源自布莱希特的《四川好人》。但却是接着大师的话题继续往下说：在人剥削人、人压迫人的社会，如何做个好人？9月14-15日北大纪念讲堂！详情：【O网页链接 】 67                ",中票在线,1406455820
"
                    2011北京国际#青年戏剧节##话剧#《#北京好人#》时间：2011.09.14-2011.09.15场馆：67北京大学#百年纪念讲堂#价位：40 / 50 / 80;简介：三位神仙来北京寻找好人，在下岗技校教师老王的帮助下，找到了洗头妹沈黛。他们给沈黛留下了一爿杂货店，要她行善，结果还没开张就几乎被穷人们吃到了破产的边缘…… 67                ",剧牛网,2279766367
"
                    谢谢~~//@大麦戏剧:#大麦观剧团#公布名单啦~@lindsaywoo@勤劳杜拉拉@天涯一飘@曹泡泡@敬宝儿 恭喜以上5位朋友获得11.4#北京好人#票一张，观剧后请在演出后两天内将剧评发在页面：O网页链接 私信取票方式~活动地址：O网页链接 67                ",勤劳杜拉拉,1740393054
"
                    谢谢！麦麦！！！ //@大麦戏剧:#大麦观剧团#公布名单啦~@lindsaywoo@勤劳杜拉拉@天涯一飘@曹泡泡@敬宝儿 恭喜以上5位朋友获得11.4#北京好人#票一张，观剧后请在演出后两天内将剧评发在页面：O网页链接 私信取票方式~活动地址：O网页链接 ",天涯一飘,1216707652
"
#大麦观剧团#公布名单啦~@lindsaywoo@勤劳杜拉拉@天涯一飘@曹泡泡@敬宝儿 恭喜以上5位朋友获得11.4#北京好人#票一张，观剧后请在演出后两天内将剧评发在页面：O网页链接 私信取票方式~活动地址：O网页链接 ",大麦戏剧,1768593554
"
#话剧##北京好人##北京曲剧#出品人秦峥、演员史航、王澜及琴师刘海青，一起说《北京好人》中的京味文化。O网页链接 67                ",千龙文化,1720141760
"
                    感谢//@鹦鹉史航 带给我一个尘埃中美好的下午~您两个半小时不间断的讲说真是太牛了......辛苦！[茶] 希望大家多多关注#北京好人#的演出和史航老师的微博小说#野生动物园在长春# 有关信息可关注@鹦鹉史航 微博和鹦鹉史航百度贴吧O网页链接 67                ",北平胡同串子,1393420140
"
#大麦观剧团#跟大家分享一个新活动“大麦观剧团免费抢票！#北京好人#”  活动链接：O网页链接 67                ",大麦戏剧,1768593554
"
#大麦观剧团#跟大家分享一个新活动“#大麦观剧团#免费抢票！#北京好人#”  活动链接：O网页链接 67                ",大麦戏剧,1768593554
"
#新戏推荐#昨晚#北京好人#在朝阳9剧场TNT小剧场首演。虽然该剧改编自德国戏剧大师布莱希特的作品，但整个舞台却显示着浓浓北京味。不光能看到长板凳，手推车等老物件，还能听到南城调、四板腔、金钱莲花落、小磨坊、靠山调、四季相思调等曲牌演唱和现场三弦弹奏。O网页链接 67                ",大麦戏剧,1768593554
"
#北京好人#支持 67                ",傻妞游世界,1846417512
"
#资讯快递#对话话剧#北京好人#主创@鹦鹉史航 改编自布莱希特名作《四川好人》“我们不是纪念大师，而是要纪念大师讲述中的我们。”大家也可以练练眼力，看着这群红尘男女中间，谁是北京好人？―红尘有多深，好人告诉你。10.28-11.07 @9剧场 详情：O网页链接 O网页链接 67                ",大麦戏剧,1768593554
